{"providers":[{"type":"bitmap","file":"minecraft:font/groups/default.png","ascent":8,"height":9,"chars":["ਅ"]},{"type":"bitmap","file":"minecraft:font/groups/demure.png","ascent":8,"height":9,"chars":["ਆ"]},{"type":"bitmap","file":"minecraft:font/groups/rapture.png","ascent":8,"height":9,"chars":["ਇ"]},{"type":"bitmap","file":"minecraft:font/groups/ethos.png","ascent":8,"height":9,"chars":["ਈ"]},{"type":"bitmap","file":"minecraft:font/groups/fluent.png","ascent":8,"height":9,"chars":["ਉ"]},{"type":"bitmap","file":"minecraft:font/groups/angel.png","ascent":8,"height":9,"chars":["ਊ"]},{"type":"bitmap","file":"minecraft:font/groups/radiant.png","ascent":8,"height":9,"chars":["ਏ"]},{"type":"bitmap","file":"minecraft:font/groups/astral.png","ascent":8,"height":9,"chars":["䛦"]},{"type":"bitmap","file":"minecraft:font/groups/spectre.png","ascent":8,"height":9,"chars":["ਐ"]},{"type":"bitmap","file":"minecraft:font/groups/helper.png","ascent":8,"height":9,"chars":["ਓ"]},{"type":"bitmap","file":"minecraft:font/groups/moder.png","ascent":8,"height":9,"chars":["ਕ"]},{"type":"bitmap","file":"minecraft:font/groups/stmoder.png","ascent":8,"height":9,"chars":["ਦ"]},{"type":"bitmap","file":"minecraft:font/groups/admin.png","ascent":8,"height":9,"chars":["Ԃ"]},{"type":"bitmap","file":"minecraft:font/groups/owner.png","ascent":8,"height":9,"chars":["ԃ"]},{"type":"bitmap","file":"minecraft:font/emoji/premium.png","ascent":8,"height":9,"chars":["Ā"]},{"type":"bitmap","file":"minecraft:font/emoji/board.png","ascent":6,"height":6,"chars":["⻲"]},{"type":"bitmap","file":"minecraft:font/logo/S.png","ascent":9,"height":14,"chars":["₰"]},{"type":"bitmap","file":"minecraft:font/logo/P.png","ascent":9,"height":14,"chars":["₱"]},{"type":"bitmap","file":"minecraft:font/logo/E.png","ascent":9,"height":14,"chars":["₷"]},{"type":"bitmap","file":"minecraft:font/logo/C.png","ascent":9,"height":14,"chars":["₳"]},{"type":"bitmap","file":"minecraft:font/logo/T.png","ascent":9,"height":14,"chars":["₴"]},{"type":"bitmap","file":"minecraft:font/logo/R.png","ascent":9,"height":14,"chars":["₵"]},{"type":"bitmap","file":"minecraft:font/logo/I.png","ascent":9,"height":14,"chars":["₶"]},{"type":"bitmap","file":"minecraft:font/logo/X.png","ascent":9,"height":14,"chars":["₹"]},{"type":"bitmap","file":"minecraft:font/emoji/money.png","ascent":8,"height":8,"chars":["₺"]},{"type":"bitmap","file":"minecraft:font/emoji/kills.png","ascent":8,"height":8,"chars":["₻"]},{"type":"bitmap","file":"minecraft:font/emoji/death.png","ascent":8,"height":8,"chars":["₼"]},{"type":"bitmap","file":"minecraft:font/emoji/stars.png","ascent":7,"height":9,"chars":["₽"]}]}