{
	"credit": "Made with Blockbench",
	"textures": {
		"0": "minecraft:block/white_stained_glass",
		"particle": "minecraft:block/white_stained_glass"
	},
	"elements": [
		{
			"from": [0, 0, 0],
			"to": [16, 16, 2],
			"faces": {
				"north": {"uv": [0, 0, 16, 16], "texture": "#0", "tintindex": 0},
				"east": {"uv": [0, 0, 1, 16], "texture": "#0", "tintindex": 0},
				"south": {"uv": [0, 0, 16, 16], "texture": "#0", "tintindex": 0},
				"west": {"uv": [0, 0, 1, 16], "texture": "#0", "tintindex": 0},
				"up": {"uv": [0, 0, 16, 1], "texture": "#0", "tintindex": 0},
				"down": {"uv": [0, 0, 16, 1], "texture": "#0", "tintindex": 0}
			}
		}
	],
	"display": {
		"thirdperson_righthand": {
			"rotation": [0, -70, 0],
			"translation": [-2.25, -1.5, 0],
			"scale": [0.3, 0.3, 0.3]
		},
		"thirdperson_lefthand": {
			"rotation": [0, -70, 0],
			"translation": [-2.25, -1.5, 0],
			"scale": [0.3, 0.3, 0.3]
		},
		"firstperson_righthand": {
			"rotation": [0, -60, 0]
		},
		"firstperson_lefthand": {
			"rotation": [0, -60, 0]
		},
		"ground": {
			"rotation": [-90, 0, 0],
			"translation": [0, 6.75, 0]
		},
		"fixed": {
			"translation": [0, 0, 6]
		}
	}
}